,Scenario,F_0x,F_0y,F_0z,F_1x,F_front_upper - rod end,F_rear_upper - rod end,F_front_lower - rod end,F_rear_lower - rod end,F_damper,F_steering,UBJ - spherical,LBJ - spherical
0,Self weight,0.0,0.0,1400.0,0.0,-224.8463249800215,-115.80103879600128,599.2176198597759,1026.1204294643592,-1890.8830128467725,106.27269510366631,282.8697393680797,1426.619352286334
1,Corner Inner,0.0,649.0,405.0,0.0,-349.1949904978964,-312.1320987897892,772.9572171993636,739.0567769790597,-581.5109551664714,244.24438752979262,535.302106800511,1312.5244889715464
2,Corner Outer,0.0,-3832.0,2395.0,0.0,1293.107828574509,1447.0743778999126,-2515.3006801633574,-855.6444147982377,-3031.023876044504,-1078.8089625015255,2218.0123010822645,3039.8074918877396
3,Braking,34780000.0,0.0,21740000.0,0.0,-20097263.871596217,18325931.92986951,67286333.07574046,-40312182.13980328,-29708962.521968633,-7669202.573733792,22643279.894929145,58335740.58381084
4,Brake + Corner Inner,1097.0,1097.0,970.0,0.0,-1159.8463272989743,83.53425532397564,3257.488361933054,-315.6458121593433,-1379.3573490869962,140.5650083261437,1136.8817698142104,3109.440884184796
5,Brake + Corner Outer,3331.0,-3331.0,2944.0,0.0,-604.8026870026375,3113.931116167286,3735.6248476405576,-5498.795490327887,-3832.318517993628,-1764.8783822556584,2983.533826530544,4834.249510059803
6,Max compression,0.0,-3832.0,405.0,0.0,-20097263.871596217,-312.1320987897892,-2515.3006801633574,-40312182.13980328,-29708962.521968633,-7669202.573733792,282.8697393680797,1312.5244889715464
7,Max tension,34780000.0,1097.0,21740000.0,0.0,1293.107828574509,18325931.92986951,67286333.07574046,1026.1204294643592,-581.5109551664714,244.24438752979262,22643279.894929145,58335740.58381084
