,Scenario,F_0x,F_0y,F_0z,F_1x,F_front_upper - rod end,F_rear_upper - rod end,F_front_lower - rod end,F_rear_lower - rod end,F_damper,F_steering,UBJ - spherical,LBJ - spherical
0,Self weight + down force,0.0,0.0,1400.0,0.0,110.3860914090734,-373.8024731708331,340.8368122838345,1387.3305255911696,-1993.9242917311988,-1.7101077498526962e-11,308.08419238547657,1687.0969448803323
1,Corner Inner,0.0,-649.0,405.0,0.0,-132.72873593612357,449.4617856329926,794.4076243223022,-1268.3937431154623,-519.831547501819,3.0422151776898776e-11,370.44182736478194,723.5756233736748
2,Corner Outer,0.0,-3832.0,2395.0,0.0,-783.4016595434634,2652.8476014094595,4691.453144540729,-7485.533894405725,-3074.5847839714447,1.79581557090136e-10,2186.4499821767768,4268.98451089962
3,Braking,1002.0,0.0,626.0,0.0,-917.6978881180595,330.1819458782462,3292.612393329394,-1222.3908261873387,-891.4234476470015,-265.80069791790686,729.8182376309358,2340.885171769022
4,Brake + Corner Inner,473.0,-473.0,418.0,0.0,-543.5542523265146,529.5431000518382,2091.2331874541046,-1672.5731660120682,-553.7306654562478,-125.47278454605349,422.219967041264,1101.2896315175358
5,Brake + Corner Outer,1435.0,-1435.0,1268.0,0.0,-1649.0603721020857,1606.5792192198314,6344.404980920696,-5074.435297995974,-1679.7241134073506,-380.66267615980286,1280.9604169399654,3341.087637214816
6,Max compression,0.0,-3832.0,405.0,0.0,-1649.0603721020857,-373.8024731708331,340.8368122838345,-7485.533894405725,-3074.5847839714447,-380.66267615980286,308.08419238547657,723.5756233736748
7,Max tension,1435.0,0.0,2395.0,0.0,110.3860914090734,2652.8476014094595,6344.404980920696,1387.3305255911696,-519.831547501819,1.79581557090136e-10,2186.4499821767768,4268.98451089962
