,Scenario,F_0x,F_0y,F_0z,F_1x,F_front_upper - rod end,F_rear_upper - rod end,F_front_lower - rod end,F_rear_lower - rod end,F_damper,F_steering,UBJ - spherical,LBJ - spherical
0,Self weight,0.0,0.0,1400.0,0.0,-224.84632498002065,-115.80103879600033,599.2176198597759,1026.1204294643587,-1890.8830128467725,106.27269510366648,282.8697393680783,1426.6193522863337
1,Corner Inner,0.0,649.0,405.0,0.0,-349.19499049789636,-312.132098789789,772.9572171993638,739.0567769790596,-581.5109551664714,244.24438752979273,535.3021068005107,1312.5244889715466
2,Corner Outer,0.0,-3832.0,2395.0,0.0,1293.1078285745118,1447.0743778999142,-2515.300680163358,-855.6444147982378,-3031.023876044504,-1078.808962501526,2218.012301082268,3039.80749188774
3,Braking,3478.0,0.0,2174.0,0.0,-2009.7263871596233,1832.5931929869505,6728.633307574044,-4031.21821398033,-2970.896252196863,-766.9202573733756,2264.327989492915,5833.574058381083
4,Brake + Corner Inner,1097.0,1097.0,970.0,0.0,-1159.846327298975,83.53425532397574,3257.4883619330535,-315.6458121593442,-1379.357349086996,140.56500832614503,1136.881769814211,3109.440884184795
5,Brake + Corner Outer,3331.0,-3331.0,2944.0,0.0,-604.8026870026376,3113.931116167286,3735.6248476405563,-5498.79549032789,-3832.318517993628,-1764.8783822556552,2983.533826530544,4834.249510059804
6,Max compression,0.0,-3832.0,405.0,0.0,-2009.7263871596233,-312.132098789789,-2515.300680163358,-5498.79549032789,-3832.318517993628,-1764.8783822556552,282.8697393680783,1312.5244889715466
7,Max tension,3478.0,1097.0,2944.0,0.0,1293.1078285745118,3113.931116167286,6728.633307574044,1026.1204294643587,-581.5109551664714,244.24438752979273,2983.533826530544,5833.574058381083
