,Scenario,F_0x,F_0y,F_0z,F_1x,F_front_upper - rod end,F_rear_upper - rod end,F_front_lower - rod end,F_rear_lower - rod end,F_damper,F_steering,UBJ - spherical,LBJ - spherical
0,Self weight,0,0,750,0,59.13540611,-200.2513249,182.5911494,743.2127816,-1068.173728,-9.16E-12,165.0451031,903.8019348
1,Brake,-237,0,95,0,236.225344,-142.9959435,-719.6159857,529.9945825,-135.3364337,62.86902735,172.0166715,386.1240665
2,Corner Outside ,0,3909,1563,0,1115.015062,-3775.796229,-3810.412325,11605.81888,-2569.284643,-2.32E-10,3111.972807,8595.729809
3,Corner Outside Brake,-3774,3774,1774,0,4739.785607,-5589.304877,-15441.80284,18408.15116,-2858.492741,1001.129575,4136.592131,9649.873579
4,Corner + Accelerate,4493,4001,1780,0,-3180.844264,-1682.757295,10224.58233,3794.708917,-2885.767835,-1191.858818,4510.339936,13602.61657
5,Max compression,-3774,0,95,0,-3180.844264,-5589.304877,-15441.80284,529.9945825,-2885.767835,-1191.858818,165.0451031,386.1240665
6,Max tension,4493,4001,1780,0,4739.785607,-142.9959435,10224.58233,18408.15116,-135.3364337,1001.129575,4510.339936,13602.61657
